time/steps,time/epochs,time/steps_per_second,time/dataset,time/extras_step,time/processor,time/train_step,lr/actor,train/q_loss,train/v_loss,train/actor_loss,train/v,train/q,train/adv,train/replay_reward_loss,train/r_var,train/r_qv,train/reward_rp_real,train/reg1,train/reg2,time/validation,time/eval,eval/score,eval/reward,eval/length,eval/reward_std,step,eval/TimeLimit.truncated
20000,0,17.844887769790233,0.0009267330169677734,5.0067901611328125e-06,0.008192300796508789,0.06403732299804688,0.0002997040092642462,2.2502588210105894,0.2535510350316763,3.3476867371797563,40.84590291595459,40.99143450927734,-0.16874838197603823,1.086657910645008,0.9338146306872368,0.7399355894699693,0.7422250988483429,0.9338146306872368,1.2675972560644149,1.8596649169921875e-05,159.75125241279602,0.6359247392326136,2049.3907393708114,918.7,559.4082813688896,20000,1.0
25000,0,18.183472681442534,0.0005548000335693359,3.814697265625e-06,0.00975799560546875,0.10289692878723145,0.0002995376000599746,3.1612050434350967,0.3421942229270935,4.04340567946434,45.35615823364258,45.42806621551514,-0.19484554986841976,1.4239664021134377,1.269511879324913,0.7390035657137632,0.7417763574123383,1.269511879324913,1.8377733039557933,2.5510787963867188e-05,53.80227041244507,0.279634545940628,889.8185437396181,327.9,25.13551022063429,25000,1.0
30000,0,14.982804602023897,0.0007898807525634766,4.0531158447265625e-06,0.013529777526855469,0.08168959617614746,0.0002993342946904667,3.340486580491066,0.4283495624959469,4.312923032045364,48.40324031829834,48.42443350219727,-0.2168085545822978,1.4930036264061928,1.337141967356205,0.7419666614457965,0.743740516781807,1.337141967356205,1.948189342021942,9.298324584960938e-06,130.3342523574829,0.3266556043193593,1042.8519780908252,869.4,400.5656302301038,30000,1.0
35000,0,12.690858999895182,0.0005869865417480469,3.5762786865234375e-06,0.012784242630004883,0.07619833946228027,0.00029909414331828147,3.6428479660749433,0.48654371765255927,4.769192746162415,50.63219209289551,50.61538813781738,-0.23451464004255831,1.6037264206409454,1.4246867189407348,0.7414940016418695,0.7419242608547211,1.4246867189407348,2.138900721371174,9.5367431640625e-06,129.76578521728516,0.3363545962322415,1074.4180485569107,814.0,275.72611754674165,35000,1.0
40000,0,22.322034327672228,0.0005757808685302734,3.337860107421875e-06,0.004770517349243164,0.03526115417480469,0.00029881720519717565,3.3670804970264436,0.5544387415647507,4.95294389462471,52.220438278198245,52.183560806274414,-0.24491692627593875,1.5017318785190583,1.3166507667303085,0.7390155867300927,0.7419562795162201,1.3166507667303085,1.9667826113700866,2.288818359375e-05,131.46717190742493,0.3367121175429276,1075.5816275131172,791.1,186.80092251632271,40000,1.0
45000,0,14.395706516116658,0.0006108283996582031,3.337860107421875e-06,0.018599271774291992,0.057804107666015625,0.0002985035486574883,4.16281314766407,0.5990300804674625,5.070211767196655,53.290421287536624,53.23884212493896,-0.25659424807690084,1.8019037739038468,1.6052961208820342,0.7424040407948196,0.7434431332349777,1.6052961208820342,2.4634726081490514,1.049041748046875e-05,154.94639205932617,0.31453081987413223,1003.3909904312944,1000.0,1.8180262545575683,45000,1.0
50000,0,13.957840154899099,0.0005385875701904297,3.5762786865234375e-06,0.010709524154663086,0.08196210861206055,0.00029815325108927524,4.282025836467743,0.6574095461368561,5.43734463429451,54.136969749450685,54.06774452972412,-0.26761617386713626,1.8436113820075988,1.6507022007703782,0.7416999587193132,0.741465989112854,1.6507022007703782,2.5385817269086837,8.344650268554688e-06,155.384343624115,0.5378791951308235,1730.2944269084696,1000.0,16.663136562540068,50000,1.0
55000,0,14.027151815141076,0.0006558895111083984,4.291534423828125e-06,0.017353534698486328,0.07468461990356445,0.0002977663989232198,3.98815873503685,0.7093604782521725,5.689029464483261,54.65040962982178,54.5731237411499,-0.27645613448601214,1.7358398913145066,1.5548242628574371,0.7431625164076686,0.7439197624921798,1.5548242628574371,2.3544667176008223,8.344650268554688e-06,71.93581795692444,0.3595094694155072,1149.7772575449544,457.2,635.8300763853407,55000,1.0
60000,0,14.9221342339454,0.0006122589111328125,4.5299530029296875e-06,0.002251148223876953,0.013091802597045898,0.0002973430876093067,4.0817673649787904,0.7210802313685417,5.734588438153267,55.0807216796875,55.000085159301754,-0.281245773371309,1.770389016866684,1.5489538853168487,0.743718018501997,0.7438825606107712,1.5489538853168487,2.4116011102199555,9.5367431640625e-06,153.70493412017822,0.48551494192483347,1559.8711786522465,1000.0,197.9179435971838,60000,1.0
65000,0,13.846670170009864,0.0006728172302246094,3.814697265625e-06,0.01789689064025879,0.05832338333129883,0.0002968834215932661,4.4807486209869385,0.749678205370903,5.653968812227249,55.35278070831299,55.26508497619629,-0.2841710466388613,1.9200508214235306,1.7061002949476243,0.7421402818560601,0.7439650354385376,1.7061002949476243,2.661198853135109,1.1205673217773438e-05,159.61425852775574,0.6852692567603262,2209.9860395200917,1000.0,80.9914313629417,65000,1.0
70000,0,14.42991192419243,0.0005698204040527344,3.5762786865234375e-06,0.009304046630859375,0.05009651184082031,0.00029638751429081323,4.030199516177177,0.7884322251081467,5.809273814916611,55.670954750061036,55.57284382629395,-0.29412757014483215,1.7495318224430085,1.5188147526979447,0.7415764065235854,0.7436452745199204,1.5188147526979447,2.381146017730236,1.1205673217773438e-05,161.12123322486877,0.5997356971146153,1931.6108851490953,1000.0,22.450754802433103,70000,1.0
75000,0,13.797375689868948,0.0006074905395507812,3.0994415283203125e-06,0.012681007385253906,0.07256579399108887,0.00029585548805965165,4.174890455365181,0.8089704385399819,5.640772797465324,55.81555303192139,55.707298049926756,-0.29406358452327547,1.8052584233283997,1.6134525943994522,0.7401842565760016,0.7426548829078674,1.6134525943994522,2.4706676906347274,8.106231689453125e-06,155.31052088737488,0.5718790229405968,1840.9493248729257,1000.0,101.41775563332371,75000,1.0
80000,0,12.418264048725524,0.0007958412170410156,4.5299530029296875e-06,0.0016064643859863281,0.015616655349731445,0.0002952874741692933,3.797902595996857,0.7737482033371925,5.831333991408348,56.01354183959961,55.91534912872314,-0.2927792308554053,1.6642749873399734,1.4609146627187728,0.7410732329152524,0.7444463992118835,1.4609146627187728,2.2345038894414904,9.5367431640625e-06,148.68562150001526,0.46905586103606883,1506.3039098259183,1000.0,83.3954812370619,80000,1.0
85000,0,20.20274202722664,0.0005834102630615234,3.5762786865234375e-06,0.0162351131439209,0.054106950759887695,0.0002946836127686677,3.781805808067322,0.8048506224751473,5.653685474514961,56.21319355773926,56.105519592285155,-0.2953417235780507,1.657662226319313,1.4624913483858109,0.7409291932098567,0.7430101462602615,1.4624913483858109,2.2258308010101318,8.106231689453125e-06,166.38406014442444,0.6816106433543813,2198.078817654402,1000.0,180.95214776494086,85000,1.0
90000,0,19.496703919933093,0.0005571842193603516,3.5762786865234375e-06,0.019227981567382812,0.07204294204711914,0.0002940440528515407,3.7218363285064697,0.7966163486242295,5.648501925587654,56.25259350585937,56.14341439056396,-0.2947232499457896,1.6368106487989427,1.4610914556980132,0.7430698617622257,0.7445178556442261,1.4610914556980132,2.186584259748459,1.1682510375976562e-05,144.09084010124207,0.44875577676559153,1440.235817770057,956.4,289.0330521542791,90000,1.0
95000,0,12.547685752495303,0.0005803108215332031,3.814697265625e-06,0.001184225082397461,0.05301928520202637,0.00029336895221974827,3.897459927082062,0.8603391476273536,5.666276875376702,56.44091747283935,56.32937754821777,-0.3018522435352206,1.699456083536148,1.4932997938394545,0.740434442192316,0.7421367769241333,1.4932997938394545,2.298494923949242,9.5367431640625e-06,166.89318990707397,0.7281367664488576,2349.501449336705,1000.0,12.298869752611056,95000,1.0
100000,0,75.92715836721447,0.0006449222564697266,4.291534423828125e-06,0.000682830810546875,0.012848615646362305,0.0002926584774442709,4.166017065763474,0.8866681435704231,5.688368472337722,56.49706044006348,56.37825141906738,-0.3033897488899529,1.8022373061180115,1.6050260671377181,0.7422373188734055,0.7431511334180831,1.6050260671377181,2.463755574345589,0.00011515617370605469,17.293694257736206,0.7503466377225536,2421.785081281691,1000.0,22.989376434446935,100000,1.0
105000,0,74.27378115182104,0.0005996227264404297,5.0067901611328125e-06,0.0005440711975097656,0.011413097381591797,0.0002919128038241316,3.711182507276535,0.7905527482032776,5.345012831389904,56.55134276580811,56.442368629455565,-0.29747723960317674,1.630447642326355,1.4335859146118164,0.7418370717018843,0.7439074473381042,1.4335859146118164,2.1810662041902544,5.5789947509765625e-05,15.64192533493042,0.7533097253597468,2431.428664242988,1000.0,493.7196602644969,105000,1.0
110000,0,63.283134263408286,0.0010673999786376953,5.245208740234375e-06,0.0011453628540039062,0.014257669448852539,0.00029113211534313526,4.1075099213123325,0.8885684962272644,5.607948596358299,56.66118344116211,56.544897262573244,-0.30045794204063714,1.7816662199497222,1.5722105151414871,0.7451220448426902,0.7427978698015213,1.5722105151414871,2.428176207065582,1.52587890625e-05,22.193507194519043,0.6341594029059234,2043.645324652955,842.0,807.3831810727322,110000,1.0
115000,0,57.72262093450747,0.0012066364288330078,6.67572021484375e-06,0.0017807483673095703,0.014020204544067383,0.0002903166046244801,3.8303920702934264,0.8743972484469413,5.5089381825923915,56.60857592773438,56.492640388488766,-0.3029723619818687,1.6746001086235047,1.4696071976423264,0.7429982240945101,0.7423363766670227,1.4696071976423264,2.2557583693265917,1.52587890625e-05,16.694395780563354,0.6049465781552954,1948.5700742687422,1000.0,226.27248168713635,115000,1.0
120000,0,32.15665525594482,0.001316070556640625,6.67572021484375e-06,0.0010967254638671875,0.025764942169189453,0.0002894664728832377,3.9832342059612276,0.891033556163311,5.286016627788544,56.618587532043456,56.50346336364746,-0.30170058529265226,1.7320692816972731,1.5441294577121734,0.7421899865232408,0.7430383085012436,1.5441294577121734,2.351414767742157,2.1457672119140625e-05,36.689263105392456,0.6914251359390766,2230.0207934081795,928.7,572.7015347887626,120000,1.0
125000,0,36.72800938039278,0.0009655952453613281,5.4836273193359375e-06,0.004467964172363281,0.024483203887939453,0.00028858192987669273,3.71710866522789,0.9501644558906556,5.705229131937027,56.614018722534176,56.493906967163085,-0.3094398192502558,1.6339761580228807,1.443969816327095,0.7429416414946318,0.7436020435094833,1.443969816327095,2.1838635951280594,2.1696090698242188e-05,33.390626430511475,0.7289628140302711,2352.189880917785,1000.0,74.43109814959115,125000,1.0
130000,0,56.91098234234759,0.0008168220520019531,4.76837158203125e-06,0.0019502639770507812,0.020343542098999023,0.0002876631938525974,4.0959107875823975,0.8923311418294907,5.278148738861084,56.72980363464355,56.614402603149415,-0.30426957621239126,1.7746610236167908,1.5708196063041686,0.7420389714064076,0.7438235553503036,1.5708196063041686,2.420742112636566,1.6927719116210938e-05,18.34557580947876,0.5470686885436453,1760.2022976668188,1000.0,413.91890922147564,130000,1.0
135000,0,49.21203676250507,0.0009195804595947266,4.291534423828125e-06,0.0008745193481445312,0.025897741317749023,0.0002867104914953149,4.004178858995438,0.9258224810957909,5.158169667601586,56.82070381164551,56.70328218841553,-0.3048025547210127,1.7402557851076126,1.5153184037208558,0.7394204893708229,0.7413103755712509,1.5153184037208558,2.3658355144262315,0.00014734268188476562,26.871695280075073,0.7486847725402118,2416.376420884598,1000.0,12.556151611057002,135000,1.0
140000,0,36.97822450771171,0.0008389949798583984,5.7220458984375e-06,0.0006754398345947266,0.0239713191986084,0.0002857240578699024,4.260047192335128,0.941681161403656,5.59816140794754,56.771539459228514,56.65149034118652,-0.30359773221984504,1.8355489050149918,1.638377386569977,0.7398212220743299,0.7428343259096145,1.638377386569977,2.5240070425271988,6.151199340820312e-05,49.85865259170532,0.7699979538642777,2485.741710553346,1000.0,22.46235853647344,140000,1.0
145000,0,22.13506449571022,0.0008440017700195312,5.7220458984375e-06,0.0010623931884765625,0.02707529067993164,0.0002847041363640918,3.7790730867385864,0.87241298905015,5.340008356451988,56.764718551635745,56.64702629089356,-0.3034767629150301,1.6542288599014283,1.447965746998787,0.7400210754107683,0.7424769557714462,1.447965746998787,2.224047399163246,1.7404556274414062e-05,64.85280251502991,0.7353558172093422,2372.996372010168,1000.0,40.90445045719872,145000,1.0
150000,0,17.414064932781642,0.0014317035675048828,8.821487426757812e-06,0.007414579391479492,0.034094810485839844,0.0002836509786282538,3.45181769323349,0.9539702688455581,5.22968078482151,56.7081957321167,56.592715393066406,-0.3061655136924237,1.5355308010578155,1.3095515419244765,0.7410034168586135,0.7431518840789795,1.3095515419244765,2.0191863652467728,5.3882598876953125e-05,59.883479833602905,0.6845238240728644,2207.5599749402363,1000.0,238.99620492349757,150000,1.0
155000,0,39.020998567082344,0.0008084774017333984,6.198883056640625e-06,0.0013210773468017578,0.03878450393676758,0.0002825648445133047,3.521397239923477,0.9515186366438866,5.364364977002144,56.72891705322266,56.61150041198731,-0.30501907197386025,1.5603233826160432,1.3733291035294533,0.7422499896995723,0.7425523806810379,1.3733291035294533,2.062070989370346,1.4543533325195312e-05,57.177425384521484,0.8076851189130061,2608.397314174901,1000.0,42.77833450662986,155000,1.0
160000,0,31.583047960690948,0.0009171962738037109,5.4836273193359375e-06,0.007636070251464844,0.03517723083496094,0.0002814460020065796,4.05776639008522,0.9677386826276779,5.299201021671295,56.66688306427002,56.55233296203613,-0.30756780799105765,1.76025821518898,1.5552453325390816,0.7433318524807692,0.7435920989513397,1.5552453325390816,2.397858690857887,1.4781951904296875e-05,26.353071928024292,0.38562445928765465,1234.770380328201,558.4,972.7872494398713,160000,1.0
165000,0,37.491805854218825,0.001184225082397461,6.67572021484375e-06,0.007139444351196289,0.022638797760009766,0.00028029472716572753,3.725641880273819,0.9442061700224876,5.32265026652813,56.663290199279785,56.552471672058104,-0.3107781264074147,1.6349336535930634,1.4242496951818466,0.7412548528518528,0.7430986831188202,1.4242496951818466,2.1904970878362655,3.361701965332031e-05,42.74999785423279,0.7162895293564766,2310.9437596050734,1000.0,73.30724434101933,165000,1.0
170000,0,35.27332066927326,0.0011436939239501953,5.9604644775390625e-06,0.0019483566284179688,0.02679920196533203,0.00027911130405059125,3.6853210532665255,0.9990453108549118,5.285055210351944,56.631588066101074,56.5121118850708,-0.30948824835941197,1.6226881481409072,1.4254770658016205,0.7433916941396892,0.7438065894842147,1.4254770658016205,2.1639882292747497,0.00014162063598632812,41.27829432487488,0.7727378020748059,2494.6587446592343,1000.0,18.395142215539316,170000,1.0
175000,0,24.94637364482581,0.0008759498596191406,5.4836273193359375e-06,0.0007038116455078125,0.025096654891967773,0.0002778960246531132,3.428365193724632,0.8776524021625519,4.843510442316532,56.71508901977539,56.5975184173584,-0.3004984863791615,1.52454474568367,1.3336030638813972,0.7398646464273334,0.7433564242124557,1.3336030638813972,2.0041355305314066,2.3365020751953125e-05,42.19366812705994,0.7313794513921541,2360.0550019469983,1000.0,4.267660637481374,175000,1.0
180000,0,21.544223190933156,0.0008680820465087891,5.245208740234375e-06,0.008201360702514648,0.0359652042388916,0.00027664918882530046,3.6787509112358094,0.924979330599308,4.907304699659347,56.73291690826416,56.621909210205075,-0.30354438281990587,1.617245341539383,1.422080903172493,0.7409589158892631,0.7422313491106033,1.422080903172493,2.1621373597383498,2.1219253540039062e-05,52.983535289764404,0.7316289425527638,2360.8669889686607,1000.0,28.567158877589147,180000,1.0
185000,0,33.77897190576037,0.0011358261108398438,6.198883056640625e-06,0.011345386505126953,0.028177261352539062,0.00027537110420524,3.7494135766029357,0.9797009988427162,5.130694487154484,56.570481300354004,56.45343253326416,-0.30614554615318773,1.6475439912080765,1.4358732472658158,0.7428440178111195,0.7445353541374207,1.4358732472658158,2.204384111762047,1.7404556274414062e-05,41.59735107421875,0.3900450122092322,1249.157389439554,1000.0,479.7694202804503,185000,1.0
190000,0,30.7316151399898,0.0011444091796875,6.198883056640625e-06,0.0012202262878417969,0.03178572654724121,0.0002740620861411837,3.7427451424598694,0.9421751405894756,5.203333264470101,56.71257221984863,56.5966566619873,-0.3083066428564489,1.6426086571216583,1.4253770903348923,0.740855296369642,0.7418736596107482,1.4253770903348923,2.201483302593231,1.4781951904296875e-05,45.064892053604126,0.7239570243722939,2335.898176532278,1000.0,9.241539125513901,190000,1.0
195000,0,29.231080380202307,0.0015294551849365234,8.344650268554688e-06,0.00732874870300293,0.04203510284423828,0.00027272245761375346,3.481279299020767,0.9676251476407051,4.983866545572877,56.70896566009522,56.60135123443604,-0.3062106005698442,1.5464625695943832,1.362136243224144,0.7424282691851258,0.7435057371854782,1.362136243224144,2.03716970205307,2.1219253540039062e-05,44.571900844573975,0.6910100795434213,2228.6699623578666,927.5,576.2139223764617,195000,1.0
200000,0,22.828440603516274,0.0008847713470458984,5.4836273193359375e-06,0.006211042404174805,0.03151297569274902,0.00027135254915623946,3.313795847892761,0.9460537673830987,4.938131888389587,56.817977973937985,56.70254272460937,-0.30327672865241767,1.4833274692296983,1.2863952837586403,0.7406215109750629,0.7421111187934876,1.2863952837586403,1.9326195479631425,2.0265579223632812e-05,58.488242864608765,0.734551636042901,2370.379106257665,1000.0,13.63098031036293,200000,1.0
205000,0,22.201120159590875,0.0014162063598632812,7.62939453125e-06,0.005769491195678711,0.03975081443786621,0.0002699526987730607,3.3342727642059327,0.8688353821635246,4.5626512345671655,56.66743563079834,56.55694853210449,-0.2961220085024834,1.492291200041771,1.304024407505989,0.741703245408833,0.7438960645198822,1.304024407505989,1.944854318857193,1.9311904907226562e-05,25.383876085281372,0.16558334848243011,518.6306751400808,275.4,174.0349272041955,205000,1.0
210000,0,25.089878843571302,0.0013804435729980469,5.7220458984375e-06,0.009206295013427734,0.05172443389892578,0.00026852325185634985,3.2667722663879393,0.9525402081608773,4.749133804053068,56.6308620223999,56.52070542144775,-0.29969960676692425,1.4651896708011627,1.2772635298371315,0.7418665597885847,0.7427737761735916,1.2772635298371315,1.9038194193840028,3.147125244140625e-05,35.43541717529297,0.7086299416912387,2286.0150777220706,925.6,612.0985819563887,210000,1.0
215000,0,39.57788162522897,0.0007371902465820312,3.814697265625e-06,0.0010824203491210938,0.026754140853881836,0.0002670645611007447,3.5500672297477722,1.004708927631378,4.908465752482415,56.745080291748046,56.62791963195801,-0.3076033741123974,1.5717475425004959,1.399934064090252,0.7408144733384252,0.7429516874551773,1.399934064090252,2.0811211309432984,1.52587890625e-05,40.539148807525635,0.7336528084125805,2367.4538067450553,1000.0,16.349833350405007,215000,1.0
220000,0,38.09512045414375,0.0009725093841552734,4.76837158203125e-06,0.0025196075439453125,0.03041362762451172,0.00026557698641636423,3.499815486907959,0.9108520235419273,4.700747306644916,56.655161026000975,56.532578567504885,-0.29942631946504117,1.5544105608463288,1.3637185075283051,0.7401943590119481,0.7431383819580079,1.3637185075283051,2.0491275947093963,1.4543533325195312e-05,43.2644464969635,0.7617926780009168,2459.0370469735662,1000.0,13.808861059188864,220000,1.0
225000,0,41.66671468157473,0.000713348388671875,4.0531158447265625e-06,0.005346059799194336,0.020317554473876953,0.00026406089483999896,3.4163961701393126,0.9143096958994865,4.7974957177639,56.56308712768555,56.44857689666748,-0.3007232904676348,1.5198985036611556,1.326174509048462,0.7429015257470309,0.7422492485046387,1.326174509048462,1.9971851086616517,7.295608520507812e-05,34.19698882102966,0.7734571233992755,2496.999827920249,1000.0,18.505799943150024,225000,1.0
230000,0,42.0624013174666,0.001027822494506836,4.5299530029296875e-06,0.0011997222900390625,0.02332782745361328,0.0002625166604445625,3.608099084377289,0.9414085052013397,4.858606401383877,56.5975862197876,56.476829216003416,-0.30566704316809773,1.593377096414566,1.3863744758367538,0.7415066339597106,0.7421169959306717,1.3863744758367538,2.1166728583574295,8.749961853027344e-05,14.597522258758545,0.2932667061179383,934.1853947100165,404.2,789.9525843294957,230000,1.0
235000,0,15.933346577996561,0.0012116432189941406,5.245208740234375e-06,0.006840705871582031,0.05997443199157715,0.00026094466424678316,3.505346275687218,0.9601257028579712,4.681277881115675,56.55181697082519,56.4439945602417,-0.3024036456644535,1.5551847758293151,1.3657740838527679,0.7425185686945915,0.7423125776052475,1.3657740838527679,2.05304104411602,0.00036835670471191406,23.343713998794556,0.1477120658541221,460.46729364316207,271.5,3.1828091557000113,235000,1.0
240000,0,17.63690017303682,0.0008268356323242188,5.9604644775390625e-06,0.012244224548339844,0.05042695999145508,0.0002593452941132043,3.6390763194561004,0.9655115189552307,4.607187535911798,56.407572441101074,56.29558279418945,-0.30587646496109666,1.6038855466842652,1.409634227335453,0.7433821895979345,0.7426523679494857,1.409634227335453,2.1372593128681183,0.0003151893615722656,68.43151068687439,0.7614930036772747,2458.0617352193212,1000.0,12.589823073798021,240000,1.0
245000,0,35.03286544544301,0.0007214546203613281,4.291534423828125e-06,0.008259296417236328,0.02076244354248047,0.0002577189446644709,3.319458244085312,1.0130949248671532,4.829949981153011,56.43373574066162,56.31920039367676,-0.30586071494966743,1.4861307125091552,1.2977666773796082,0.7414737692289054,0.7425637979507447,1.2977666773796082,1.9365862559080125,1.5735626220703125e-05,13.332973957061768,0.16340668886168036,511.54657902097705,303.2,115.39160180621656,245000,1.0
250000,0,53.059056699094526,0.0007421970367431641,5.245208740234375e-06,0.0009729862213134766,0.013542652130126953,0.00025606601717797676,3.6905221918821334,0.8915345296859741,4.622392850011587,56.40448477172851,56.29167236328125,-0.2974028984121978,1.6227536478042603,1.4085059250593186,0.7406524744518101,0.7435197401046753,1.4085059250593186,2.168018120408058,1.7881393432617188e-05,30.55730652809143,0.7541130906423197,2434.0432746424485,1000.0,26.150168237593466,250000,1.0
255000,0,42.028122571897,0.001397848129272461,8.344650268554688e-06,0.0021982192993164062,0.03142523765563965,0.0002543869194888416,3.605825487613678,0.9882236114740371,4.69385400237143,56.38209986877441,56.27094568634033,-0.3059232257679105,1.591914306163788,1.40193930208683,0.7411902983821929,0.7420135184526443,1.40193930208683,2.1160293802022934,2.0265579223632812e-05,27.081255197525024,0.6429824879828324,2072.360692988922,871.8,762.4749089261809,255000,1.0
260000,0,48.981668543655154,0.0015940666198730469,6.198883056640625e-06,0.0008680820465087891,0.023557186126708984,0.00025268206588929646,3.261091133117676,0.9820125353336334,4.836232142150402,56.356159629821775,56.23431578063965,-0.3089054437093437,1.4634918327331543,1.263087401866913,0.7394789556413889,0.7421567454338074,1.263087401866913,1.9004732456207276,1.4543533325195312e-05,28.73913025856018,0.710479091177812,2292.0332684288774,925.3,644.5910579019661,260000,1.0
265000,0,51.836170027122414,0.0006787776947021484,4.0531158447265625e-06,0.0008540153503417969,0.013793230056762695,0.0002509518770264593,3.395336216926575,1.0087990785241128,4.772719117581844,56.44710233306885,56.33437794494629,-0.3073649465069175,1.5161373707056045,1.3250015445947647,0.7417146841920912,0.7437373710870743,1.3250015445947647,1.9839981952905654,1.4781951904296875e-05,27.173263788223267,0.8010803018243082,2586.901459398435,1000.0,47.50335279020396,265000,1.0
270000,0,33.3889249687099,0.001062631607055664,5.7220458984375e-06,0.006564140319824219,0.018346071243286133,0.0002491967797985418,3.1967837888002397,0.936811840236187,4.54676492190361,56.45661264801026,56.34548083496094,-0.30232171961292625,1.4393324891328811,1.261305010676384,0.7420912475660443,0.7422500941753387,1.261305010676384,1.8598834607601167,1.8596649169921875e-05,53.45986723899841,0.7644432576132038,2467.663549971913,1000.0,49.946222706712824,270000,1.0
275000,0,30.45549079089515,0.0008265972137451172,4.5299530029296875e-06,0.0025293827056884766,0.029074668884277344,0.00024741720724952266,3.6122711100578306,0.9835181539654732,4.453471470683813,56.33462055969238,56.2302815246582,-0.3079167521800846,1.5956805919408799,1.402990006685257,0.7411636713519693,0.7428411120176315,1.402990006685257,2.118708586335182,7.200241088867188e-05,59.67754364013672,0.79821049398114,2577.5614622713883,1000.0,41.3874049717569,275000,1.0
280000,0,22.807079113110575,0.0007846355438232422,4.291534423828125e-06,0.009374618530273438,0.02381134033203125,0.00024561359846229935,3.152534979343414,1.0000664721131325,4.470253316581249,56.34355379486084,56.22837382507324,-0.3060629732627422,1.4229754102230072,1.232248766541481,0.7415408414676785,0.743096697807312,1.232248766541481,1.8320974618196488,1.5735626220703125e-05,67.83731508255005,0.7243930234494288,2337.3171670537263,1000.0,444.2523192423853,280000,1.0
285000,0,34.271661098265845,0.0011284351348876953,5.9604644775390625e-06,0.00592803955078125,0.021145343780517578,0.00024378639845035137,3.1857618606090545,0.9781254161000251,4.483032249867916,56.25658818054199,56.147597396850585,-0.30256853548809887,1.4373800562620163,1.2471554985642432,0.7421401767432689,0.7446018755435944,1.2471554985642432,1.8518899560570716,1.5020370483398438e-05,51.04094409942627,0.758950400933417,2449.7866507465455,1000.0,14.221853910978645,285000,1.0
290000,0,37.88281312518143,0.0007801055908203125,5.245208740234375e-06,0.006551027297973633,0.02098250389099121,0.00024193605804794224,3.2276947729587553,0.9823475875258446,4.600083219259977,56.27661220550537,56.172143013000486,-0.3062871440835297,1.4521665157079697,1.2719327243566514,0.7390965529195964,0.7434348675012589,1.2719327243566514,1.878522232890129,1.33514404296875e-05,51.863890171051025,0.7829660180550374,2527.947213118055,1000.0,20.963296786686282,290000,1.0
295000,0,26.87179632793086,0.0009052753448486328,4.76837158203125e-06,0.003859281539916992,0.022730350494384766,0.00024006303379887843,3.1312504618167876,0.985433129787445,4.67745515948534,56.27158870697021,56.15809574127197,-0.30332621598988774,1.4159852907657624,1.2421612141132354,0.7417674350626766,0.7426868282556534,1.2421612141132354,1.8182283715009688,1.4781951904296875e-05,75.2775628566742,0.7616301199214497,2458.507989950179,1000.0,23.68294229780395,295000,1.0
300000,0,31.842831894074337,0.0007522106170654297,4.291534423828125e-06,0.0024421215057373047,0.01753830909729004,0.0002381677878438687,3.3744204199314116,1.014895988881588,4.377108892083168,56.174148902893066,56.06252083587646,-0.3043998855743557,1.504874235391617,1.330304246544838,0.7429616083279252,0.7427784901857376,1.330304246544838,1.970928385734558,1.71661376953125e-05,52.65439176559448,0.4038710646083925,1294.1552766653404,955.8,592.4574271530557,300000,1.0
305000,0,36.38708822196979,0.0007059574127197266,4.0531158447265625e-06,0.0006120204925537109,0.029192686080932617,0.00023625078780648953,3.4288478548526764,0.9880736997723579,4.4848689040541645,56.26804811859131,56.15751448059082,-0.3070607629939914,1.528140242099762,1.341293891429901,0.7390108043402434,0.7427704886198044,1.341293891429901,2.004199320435524,1.0013580322265625e-05,50.19731831550598,0.6857347310291508,2211.5009591840985,949.8,518.4009393750732,305000,1.0
310000,0,23.1140225443368,0.0011982917785644531,9.775161743164062e-06,0.007478237152099609,0.05158805847167969,0.00023431250667781803,3.303180530548096,1.0027700278162957,4.413766215741634,56.2445797958374,56.13489675140381,-0.3073382710199803,1.4792857204675673,1.3050504134893417,0.7405992776211351,0.7434905135631561,1.3050504134893417,1.9258898668289184,1.239776611328125e-05,48.58734464645386,0.765498174982566,2471.096854826303,1000.0,52.07088326716907,310000,1.0
315000,0,31.38596042668403,0.0009355545043945312,5.245208740234375e-06,0.006531238555908203,0.027324199676513672,0.0002323534226997184,3.1272057836055756,0.9193981843590736,4.482557352110743,56.24615813446045,56.14947411346436,-0.3036329069901258,1.4145578258037568,1.2222914789915085,0.7446576299071312,0.7436009082794189,1.2222914789915085,1.8157975019216537,2.2649765014648438e-05,51.9045250415802,0.3574277565264729,1143.0021724293415,1000.0,412.5058026483052,315000,1.0
320000,0,27.850689635751202,0.0007491111755371094,4.5299530029296875e-06,0.0065479278564453125,0.07745671272277832,0.00023037401924684746,3.119627004146576,0.9619043511152268,4.500544934093952,56.3650975189209,56.26417171478271,-0.3044791274722666,1.4100563750267028,1.2241299401521684,0.7415186486020684,0.742315445780754,1.2241299401521684,1.812125220656395,1.6927719116210938e-05,60.35142111778259,0.8322436273263284,2688.3247555090097,959.0,159.6294512438122,320000,1.0
325000,0,17.543714940732556,0.0012004375457763672,5.9604644775390625e-06,0.006314754486083984,0.041747093200683594,0.0002283747847073896,3.1172198677062988,0.9280973934829235,4.210162519991398,56.4296728515625,56.32336064147949,-0.30300194005295633,1.4083390568494796,1.231580879688263,0.7383161542341113,0.7405366963148117,1.231580879688263,1.8115498486757278,1.6927719116210938e-05,74.75642395019531,0.24659294807887147,782.282274425798,757.1,90.26860389332982,325000,1.0
330000,0,13.215567071807765,0.0009019374847412109,4.5299530029296875e-06,0.015027046203613281,0.062383174896240234,0.00022635621236255382,2.992784509897232,0.947329919397831,4.10435414929688,56.28221734619141,56.171863761901854,-0.3006885718032718,1.3611524288654326,1.1949030678868293,0.742046912394464,0.7429433019161225,1.1949030678868293,1.7323419017791748,1.9073486328125e-05,108.72791051864624,0.7564492866720663,2441.646593539913,1000.0,37.474830934151775,330000,1.0
335000,0,13.275091156456867,0.001177072525024414,4.5299530029296875e-06,0.009727239608764648,0.05749058723449707,0.00022431880026485941,3.701040832281113,1.025523413836956,4.426101586490869,56.202560409545896,56.08737831878662,-0.3132513057515025,1.6265937551259995,1.4111031478643417,0.7414000502042473,0.7423931342363358,1.4111031478643417,2.1754866656064986,1.52587890625e-05,41.91811442375183,0.20319672643567407,641.0461333242063,369.4,14.623978517676484,335000,1.0
340000,0,16.67512832974579,0.0007829666137695312,5.245208740234375e-06,0.0071947574615478516,0.051859378814697266,0.0002222630511152552,3.0828162984848024,1.0437488551437855,4.491183815300465,56.38824797821045,56.27989552307129,-0.3096584033481777,1.3969284884929658,1.1933783938884734,0.7412790391072631,0.742425665974617,1.1933783938884734,1.7892482496500015,2.1219253540039062e-05,93.79709100723267,0.7053148519027612,2275.2258783079037,857.6,669.8283663756777,340000,1.0
345000,0,34.84112303557325,0.0008175373077392578,4.76837158203125e-06,0.002302408218383789,0.025115013122558594,0.00022018947213908366,3.03641011929512,1.006289507985115,4.366169490098954,56.30815853881836,56.20739649963379,-0.30663150328584016,1.381973878622055,1.1896090579032899,0.7428603259623051,0.7431885287761688,1.1896090579032899,1.759557358264923,2.193450927734375e-05,64.09705686569214,0.7982016579625312,2577.5327048099366,1000.0,17.37084352674905,345000,1.0
350000,0,34.57706672857222,0.0009732246398925781,4.0531158447265625e-06,0.0009987354278564453,0.024699926376342773,0.00021809857496092987,3.1978556985855104,0.9542793400287628,4.347277872279286,56.27949370574951,56.17661787414551,-0.30095687064900994,1.4390176124572753,1.2626228200793266,0.742564327083528,0.7444520950317383,1.2626228200793266,1.8600796090960503,6.198883056640625e-05,42.07584357261658,0.7143208375401066,2304.536509742435,1000.0,427.94145945789217,350000,1.0
355000,0,36.9535339378895,0.0007555484771728516,4.76837158203125e-06,0.0010135173797607422,0.026677370071411133,0.0002159908754783852,2.9262691588401792,0.9463298862576485,4.182933979928493,56.34735318756103,56.240868293762205,-0.303070371452719,1.336503014922142,1.1606694980859757,0.7409870462343097,0.7419990452528,1.1606694980859757,1.6918165022134781,2.1219253540039062e-05,43.405665159225464,0.8071228828630049,2606.567476297695,1000.0,73.64911407199244,355000,1.0
360000,0,33.15440841360903,0.0011060237884521484,5.9604644775390625e-06,0.008345603942871094,0.02170562744140625,0.00021386689373475938,3.1148816888332367,0.9809078906178474,4.297790743201971,56.35157713317871,56.24807748413086,-0.30099551916867495,1.4075858075618743,1.2486737982034684,0.7423151216506958,0.7422231600284577,1.2486737982034684,1.8088634716272354,2.1457672119140625e-05,45.15204215049744,0.7735374084520968,2497.2611214296676,1000.0,17.07446276522221,360000,1.0
365000,0,32.16474024521958,0.0010361671447753906,4.5299530029296875e-06,0.0026378631591796875,0.03721928596496582,0.00021172715379076524,3.0382833485603333,1.0584990506768226,4.087549332469702,56.332786781311036,56.22845625305176,-0.3044641689416021,1.3787715114355088,1.201815354704857,0.7408448237963021,0.7419453758001328,1.201815354704857,1.7613324465751647,1.5020370483398438e-05,44.17014670372009,0.7857179468978,2536.9035645150407,1000.0,31.81463672894345,365000,1.0
370000,0,30.174883220370855,0.0013828277587890625,7.152557373046875e-06,0.006353139877319336,0.023958444595336914,0.0002095721835952156,3.182501097202301,1.008886782348156,3.9984503080844878,56.20087812042237,56.09563271331787,-0.3037206599526107,1.4323887685537338,1.2565294223427772,0.741670664049685,0.742120508313179,1.2565294223427772,1.851991709470749,2.288818359375e-05,48.23655104637146,0.7511443167941875,2424.381185496509,1000.0,65.21291190428836,370000,1.0
375000,0,23.95431898649392,0.0010509490966796875,6.198883056640625e-06,0.007449626922607422,0.045571088790893555,0.00020740251485476177,2.8719250507354737,0.9808393431901932,4.03300458624959,56.332085594177244,56.23284138488769,-0.3034197506345809,1.3165602250099182,1.1527562316656113,0.7426490702107549,0.7419740242958068,1.1527562316656113,1.6573152462244034,1.6927719116210938e-05,47.66160774230957,0.808235356216478,2610.1881012639583,959.8,168.84906216939228,375000,1.0
380000,0,31.099637127499285,0.0011265277862548828,8.344650268554688e-06,0.008460283279418945,0.026444673538208008,0.0002052186829027009,2.808959786891937,0.9651527742445469,4.1242089686244725,56.2741810836792,56.16700261688232,-0.3015861583389342,1.2947238167524338,1.1075241789221764,0.7413740848079324,0.7426814843416214,1.1075241789221764,1.6177409019470215,1.1444091796875e-05,43.05600070953369,0.7663199153427448,2473.7712682444426,986.7,95.30222615307773,380000,1.0
385000,0,25.16752019019074,0.0008816719055175781,5.7220458984375e-06,0.001306772232055664,0.0309603214263916,0.00020302122656688782,3.291507224321365,0.9976251375079155,4.209042309314013,56.28591045379639,56.17411246490479,-0.30629874881729485,1.470839569926262,1.2951090928316116,0.7401176227312535,0.7413564089536667,1.2951090928316116,1.9206650005578996,1.9550323486328125e-05,51.321518659591675,0.8642594460124284,2792.522552326693,1000.0,33.78388552139172,385000,1.0
390000,0,12.113076831847776,0.0007855892181396484,4.5299530029296875e-06,0.022221088409423828,0.06206679344177246,0.0002008106880367936,3.2080556650161745,1.0018738204836846,4.13088604837656,56.381931297302245,56.27470599365235,-0.3069896405860782,1.4424327939748764,1.2567331436872482,0.7396149195060134,0.7410025082826615,1.2567331436872482,1.8682731856703758,5.984306335449219e-05,91.93952560424805,0.7426914555324832,2396.8707373361585,1000.0,25.624927545619713,390000,1.0
395000,0,37.90545138848974,0.0011143684387207031,4.5299530029296875e-06,0.001283407211303711,0.022709131240844727,0.00019858761272972193,3.124417046546936,0.9650221255719662,3.9945743640959264,56.16806450653076,56.057453659057614,-0.3022006073966622,1.4124823627471923,1.243969823360443,0.739262286350131,0.7421268787384033,1.243969823360443,1.8153351248502732,1.3589859008789062e-05,41.58248496055603,0.7523013166947943,2428.146725329912,1000.0,19.564095658741028,395000,1.0
400000,0,42.470699366586416,0.0007081031799316406,4.291534423828125e-06,0.005124568939208984,0.02262592315673828,0.00019635254915624257,2.839121622800827,1.0144365519285201,3.952658454954624,56.288892776489256,56.18449897003174,-0.30419985693693163,1.3056979087591172,1.140582924604416,0.741192089125514,0.7417385294437409,1.140582924604416,1.636863624215126,1.430511474609375e-05,34.5395872592926,0.7310944196943483,2359.127345677273,1000.0,21.331937691266837,400000,1.0
405000,0,31.814751019678372,0.0006642341613769531,3.5762786865234375e-06,0.007662773132324219,0.01991128921508789,0.0001941060487848462,3.0114041526317594,1.0277249586582184,4.070601416915655,56.141729179382324,56.04211182403564,-0.30581506169587375,1.371637093782425,1.2081958519220353,0.7416338460706174,0.7431663596630096,1.2081958519220353,1.7436362684965134,1.5020370483398438e-05,41.33411264419556,0.7566453566748209,2442.2847175407196,1000.0,22.59958287265483,405000,1.0
410000,0,82.7078993570272,0.0006003379821777344,3.337860107421875e-06,0.0007109642028808594,0.012174367904663086,0.00019184866590588528,3.070588079214096,0.9841333045065404,3.970879299134016,56.32546911621094,56.21961775970459,-0.30763957494869826,1.3921595739126205,1.1851547700762748,0.741337885722518,0.7416875847578048,1.1851547700762748,1.781783245921135,1.2159347534179688e-05,15.524539709091187,0.5248825974706526,1687.9960601044488,1000.0,595.1547010336895,410000,1.0
415000,0,67.63798349952785,0.0006918907165527344,4.5299530029296875e-06,0.0006282329559326172,0.012541532516479492,0.00018958095749480744,3.361574558019638,1.0409826102256774,4.136644136488438,56.32278830718994,56.204367225646976,-0.30851913765631617,1.5000717611312866,1.3170583020448685,0.7379453602433205,0.7423732049465179,1.3170583020448685,1.9630479246377945,1.0967254638671875e-05,20.385602951049805,0.40741581664369103,1305.691928467515,1000.0,597.3977310270167,415000,1.0
420000,0,22.504444681264708,0.0018031597137451172,4.76837158203125e-06,0.002219676971435547,0.03948235511779785,0.00018730348307473196,2.958872918486595,1.0573828657865525,3.972891261279583,56.361209480285645,56.261724517822266,-0.3049125871062279,1.348822651386261,1.1773769536018373,0.7419591121710837,0.7429154660701752,1.1773769536018373,1.7112335734963418,2.2649765014648438e-05,48.51691436767578,0.773628757978976,2497.5584250699235,1000.0,56.208611249774805,420000,1.0
425000,0,23.183939463548818,0.0008685588836669922,5.4836273193359375e-06,0.011186361312866211,0.027306795120239258,0.00018501680457838954,2.9654989256858824,1.0080802921056748,3.841334817364812,56.31062288665772,56.20892673492432,-0.3029289392977953,1.3498133226633071,1.183857947230339,0.7422431463599205,0.7429136344194412,1.183857947230339,1.715459076166153,2.5272369384765625e-05,66.84170436859131,0.3055977208079664,974.3175736127298,1000.0,0.3270700963638417,425000,1.0
430000,0,27.79179672393054,0.0010199546813964844,5.9604644775390625e-06,0.0007815361022949219,0.02807307243347168,0.00018272148620948505,3.0242403733730314,1.00827392578125,3.9246242538690566,56.256841316223145,56.148963256835934,-0.3068272807020694,1.375254042983055,1.2052494574189185,0.7423240805193781,0.7432370200157166,1.2052494574189185,1.7519793503284455,1.8358230590820312e-05,71.06988978385925,0.743794888817004,2400.4619407443756,1000.0,31.37833953814056,430000,1.0
435000,0,12.654272504989583,0.0006651878356933594,4.0531158447265625e-06,0.016660451889038086,0.05266618728637695,0.00018041809430348096,3.205792005300522,1.007692007780075,3.9442248581051826,56.244820808410644,56.14667874145508,-0.3067888362109661,1.4439774258136748,1.2479425029754638,0.7443685479164124,0.7437300117015838,1.2479425029754638,1.8653453627824783,1.52587890625e-05,82.57380700111389,0.7473856851389356,2412.1484470066293,969.5,234.6859435512071,435000,1.0
440000,0,29.639543413950346,0.0008943080902099609,4.76837158203125e-06,0.0007143020629882812,0.020444154739379883,0.00017810719718786258,3.0314821367263796,0.9512981325984001,3.868790480427444,56.250343467712405,56.15373169708252,-0.3034681380335242,1.375095807671547,1.1855158870220184,0.7414869740530848,0.7427508798837662,1.1855158870220184,1.7570954036712647,1.9073486328125e-05,67.48496723175049,0.8090326104250737,2612.782822731299,1000.0,38.577614531120645,440000,1.0
445000,0,27.31518309973077,0.0007100105285644531,3.814697265625e-06,0.0007815361022949219,0.032402992248535156,0.00017578936504191535,2.92149249792099,0.9441204752922058,3.73772997353971,56.234496627807616,56.14077610015869,-0.3000662609487772,1.3363795722723006,1.1748851594924927,0.7439320098608733,0.7428810917139054,1.1748851594924927,1.6873701191544532,2.47955322265625e-05,50.510613441467285,0.7564626438898667,2441.6900655710374,1000.0,34.561518666008574,445000,1.0
450000,0,47.193906742822854,0.001096487045288086,5.9604644775390625e-06,0.0031785964965820312,0.02336573600769043,0.00017346516975603855,3.026012096166611,1.0080881552100183,3.990957135438919,56.18548918914795,56.08785531616211,-0.3079361552484334,1.3763438065052032,1.1994502575993538,0.7428725812807679,0.742645763874054,1.1994502575993538,1.7532188003659248,1.3828277587890625e-05,30.754854917526245,0.7771127419385694,2508.8973027758807,1000.0,25.109727216726643,450000,1.0
455000,0,40.95746255720251,0.0010492801666259766,4.76837158203125e-06,0.0006852149963378906,0.021043062210083008,0.00017113518479064196,3.1833893210887907,0.9857309497594834,3.8931562150418757,56.28629407501221,56.17480207824707,-0.30586028334125875,1.4333523601293563,1.2666076828241348,0.741114701628685,0.7419138394594192,1.2666076828241348,1.851512329518795,1.8358230590820312e-05,8.818621397018433,0.08689011172122538,262.517846186256,231.4,1.9356067814026514,455000,1.0
460000,0,69.8333175883991,0.0005452632904052734,3.337860107421875e-06,0.0003695487976074219,0.009754657745361328,0.00016879998503464987,3.1862854714393616,1.04969285094738,3.91215116943419,56.27722006225586,56.166545288085935,-0.31049909321218727,1.4335126696825027,1.248890948176384,0.7413569847419857,0.7415320001840592,1.248890948176384,1.8536656076908111,1.3589859008789062e-05,18.707456350326538,0.7477270542809176,2413.259457561907,1000.0,17.993445117421228,460000,1.0
465000,0,47.062456352006144,0.004865884780883789,6.67572021484375e-06,0.002481698989868164,0.01919245719909668,0.00016646014666366066,3.0756976034641266,1.0126070070266724,3.9901888521313666,56.22091316223145,56.11266371154785,-0.30924729178100824,1.392926034092903,1.2240450624227524,0.7427105630040168,0.7426392135620117,1.2240450624227524,1.7837271854877472,1.6689300537109375e-05,57.64192867279053,0.7771910146685965,2509.1520470352634,1000.0,19.341881363246664,465000,1.0
470000,0,19.83561993458087,0.0014896392822265625,6.4373016357421875e-06,0.0016100406646728516,0.02918219566345215,0.00016411624699778126,2.947591818809509,0.9693902408480645,3.922183489382267,56.250585861206055,56.141578285217285,-0.3050241382364184,1.3456377232074737,1.1822226216197014,0.7412517933994531,0.7433493001461029,1.1822226216197014,1.7033811327219008,2.4318695068359375e-05,74.8432400226593,0.7867964251137697,2540.4135498482815,1000.0,24.9320282192399,470000,1.0
475000,0,45.374037797187604,0.0007989406585693359,4.76837158203125e-06,0.0008711814880371094,0.017520427703857422,0.00016176886435918016,3.032742081642151,1.020086919605732,3.87571591719985,56.344345161437985,56.24933229827881,-0.30776444570347666,1.379199366927147,1.200350238740444,0.7407946658879518,0.743209640622139,1.200350238740444,1.7573572517633438,1.430511474609375e-05,33.50277018547058,0.7274592974570662,2347.296577518525,1000.0,213.18159657265227,475000,1.0
480000,0,49.30812686454149,0.0007371902465820312,4.5299530029296875e-06,0.0017223358154296875,0.023220300674438477,0.00015941857792940047,2.8430402561426162,0.9682925488352776,3.9753083879053595,56.33823761749267,56.22816443634033,-0.30167872496694326,1.3058456624746322,1.1460162420868873,0.7396585938856005,0.7406890120506286,1.1460162420868873,1.6401692722439767,1.8835067749023438e-05,33.161805868148804,0.7984848403962246,2578.454342515898,1000.0,34.270714248933594,480000,1.0
485000,0,47.844679274753695,0.0008730888366699219,4.291534423828125e-06,0.0017230510711669922,0.017191648483276367,0.0001570659676064511,2.8786345393657684,1.057599956393242,3.9704574521631004,56.148764488220216,56.04564293670654,-0.3096021333113313,1.3217300651073456,1.152834491968155,0.742703790396452,0.7430111562013626,1.152834491968155,1.6609239180088042,1.0013580322265625e-05,32.699405908584595,0.48568161282495803,1560.4136211478417,1000.0,707.7029955768807,485000,1.0
490000,0,47.003260628870144,0.0011854171752929688,4.76837158203125e-06,0.0007498264312744141,0.018981218338012695,0.00015471161386172494,2.8641983535289763,1.006669389694929,3.9991118882000447,56.1596450881958,56.05616129302979,-0.3064539682753384,1.3174013978242873,1.1413826689720155,0.7404400040321052,0.742516767501831,1.1413826689720155,1.6523101016283035,1.2636184692382812e-05,14.075445175170898,0.24188818574405074,766.9702852292833,452.9,842.8917196138933,490000,1.0
495000,0,52.27836769001279,0.0011534690856933594,4.291534423828125e-06,0.0008292198181152344,0.013571977615356445,0.00015235609759677835,3.0272432174682615,0.9868589734435081,3.689047196999192,56.156198478698734,56.05486426544189,-0.30232218374311925,1.3787740458250046,1.2056583126783371,0.741505529684946,0.7426881009340286,1.2056583126783371,1.7538243535161018,1.52587890625e-05,30.43399167060852,0.7723794083758087,2493.492326452192,1000.0,43.50154085209128,495000,1.0
500000,0,23.397181103971924,0.0008146762847900391,4.291534423828125e-06,0.006209373474121094,0.054024696350097656,0.00015000000000000622,2.9103039989471435,0.9788337355852127,3.4425194371938703,56.20949868011475,56.107664978027344,-0.30088887115754187,1.3312048543691635,1.188351433634758,0.7434185656607151,0.7427053633928299,1.188351433634758,1.6813418451547624,1.6689300537109375e-05,82.87995839118958,0.44722164887027055,1435.242887609617,1000.0,665.7795232362735,500000,1.0
505000,0,64.50823266251582,0.0008511543273925781,4.0531158447265625e-06,0.0006763935089111328,0.012665033340454102,0.00014764390240323271,2.89282914018631,0.9716271397471428,3.7502864494621755,56.190566413879395,56.086239128112794,-0.30418988156318666,1.326120182275772,1.1607282421588898,0.7417754384577274,0.7424815294742584,1.1607282421588898,1.6702368482351304,1.3589859008789062e-05,18.240132093429565,0.3127247525888282,997.5130138635775,1000.0,1.2293952698426083,505000,1.0
510000,0,81.45870191663056,0.0006673336029052734,3.337860107421875e-06,0.0003840923309326172,0.010503053665161133,0.00014528838613828547,3.119906688451767,0.9862525089085102,3.8331488569676875,56.104867378234864,55.99973918151856,-0.3056974702253938,1.4119221366643906,1.243881279706955,0.7406354450955986,0.7434498084783554,1.243881279706955,1.811471680521965,1.239776611328125e-05,21.022405862808228,0.7071009904645997,2281.0389954041557,1000.0,508.5913386600878,510000,1.0
